{"A": 0.9728605206216414, "total_base_profit": 192684747.92000002, "total_prop1_profit": 140490108.10010824, "total_prop2_profit": 140490108.10010794}